{"is_source_file": true, "format": "md", "description": ".md file: README.md", "external_files": [], "external_methods": [], "published": [], "classes": [], "methods": [], "calls": [], "search-terms": ["README.md", "md"], "state": 2, "filename": "README.md", "format-version": 4, "code-base-name": "https://github.com/kavia-common/simple-todo-manager-6517-6529.git:kavia-main", "knowledge_revision": 3, "git_revision": "b6bc44803fc8ba90ac3881478659918900b841a6", "revision_history": [{"3": "b6bc44803fc8ba90ac3881478659918900b841a6"}]}